029 , Cleburne
031 , Coffee
037 , Coosa
039 , Covington
041 , Crenshaw
045 , Dale
049 , DeKalb
053 , Escambia
057 , Fayette
061 , Geneva
067 , Henry
075 , Lamar
077 , Lauderdale
079 , Lawrence
001 , Autauga
003 , Baldwin
005 , Barbour
007 , Bibb
009 , Blount
011 , Bullock
023 , Choctaw
025 , Clarke
027 , Clay
033 , Colbert
035 , Conecuh
043 , Cullman
047 , Dallas
051 , Elmore
055 , Etowah
059 , Franklin
063 , Greene
065 , Hale
071 , Jackson
073 , Jefferson
085 , Lowndes
087 , Macon
089 , Madison
091 , Marengo
095 , Marshall
097 , Mobile
099 , Monroe
107 , Pickens
109 , Pike
113 , Russell
115 , St. Clair
117 , Shelby
119 , Sumter
121 , Talladega
129 , Washington
131 , Wilcox
013 , Butler
015 , Calhoun
017 , Chambers
019 , Cherokee
021 , Chilton
123 , Tallapoosa
125 , Tuscaloosa
127 , Walker
133 , Winston
101 , Montgomery
069 , Houston
081 , Lee
083 , Limestone
093 , Marion
103 , Morgan
105 , Perry
111 , Randolph
013 , Aleutians East
016 , Aleutians West
020 , Anchorage
050 , Bethel
060 , Bristol Bay
068 , Denali
070 , Dillingham
090 , Fairbanks North Star
105 , Hoonah-Angoon
110 , Juneau
122 , Kenai Peninsula
130 , Ketchikan Gateway
164 , Lake and Peninsula
170 , Matanuska-Susitna
180 , Nome
185 , North Slope
188 , Northwest Arctic
220 , Sitka
240 , Southeast Fairbanks
270 , Wade Hampton
275 , Wrangell
290 , Yukon-Koyukuk
195 , Petersburg
198 , Prince of Wales-Hyder
230 , Skagway
261 , Valdez-Cordova
282 , Yakutat
100 , Haines
150 , Kodiak Island
001 , Apache
003 , Cochise
005 , Coconino
007 , Gila
009 , Graham
011 , Greenlee
012 , La Paz
013 , Maricopa
015 , Mohave
017 , Navajo
019 , Pima
021 , Pinal
023 , Santa Cruz
025 , Yavapai
027 , Yuma
049 , Fulton
051 , Garland
053 , Grant
055 , Greene
059 , Hot Spring
065 , Izard
071 , Johnson
075 , Lawrence
077 , Lee
001 , Arkansas
003 , Ashley
005 , Baxter
007 , Benton
011 , Bradley
013 , Calhoun
017 , Chicot
019 , Clark
021 , Clay
029 , Conway
037 , Cross
039 , Dallas
041 , Desha
045 , Faulkner
057 , Hempstead
061 , Howard
063 , Independence
067 , Jackson
069 , Jefferson
073 , Lafayette
081 , Little River
085 , Lonoke
091 , Miller
093 , Mississippi
095 , Monroe
097 , Montgomery
099 , Nevada
103 , Ouachita
107 , Phillips
109 , Pike
117 , Prairie
121 , Randolph
131 , Sebastian
133 , Sevier
139 , Union
145 , White
147 , Woodruff
009 , Boone
015 , Carroll
023 , Cleburne
025 , Cleveland
027 , Columbia
031 , Craighead
033 , Crawford
035 , Crittenden
043 , Drew
047 , Franklin
143 , Washington
149 , Yell
079 , Lincoln
083 , Logan
087 , Madison
089 , Marion
101 , Newton
105 , Perry
111 , Poinsett
113 , Polk
115 , Pope
119 , Pulaski
123 , St. Francis
125 , Saline
127 , Scott
129 , Searcy
135 , Sharp
137 , Stone
141 , Van Buren
035 , Lassen
049 , Modoc
075 , San Francisco
083 , Santa Barbara
091 , Sierra
095 , Solano
101 , Sutter
105 , Trinity
111 , Ventura
115 , Yuba
033 , Lake
071 , San Bernardino
087 , Santa Cruz
001 , Alameda
003 , Alpine
005 , Amador
007 , Butte
009 , Calaveras
011 , Colusa
013 , Contra Costa
015 , Del Norte
017 , El Dorado
019 , Fresno
021 , Glenn
023 , Humboldt
025 , Imperial
027 , Inyo
029 , Kern
031 , Kings
037 , Los Angeles
039 , Madera
041 , Marin
043 , Mariposa
045 , Mendocino
047 , Merced
051 , Mono
053 , Monterey
055 , Napa
057 , Nevada
059 , Orange
061 , Placer
063 , Plumas
065 , Riverside
067 , Sacramento
069 , San Benito
073 , San Diego
077 , San Joaquin
079 , San Luis Obispo
081 , San Mateo
085 , Santa Clara
089 , Shasta
093 , Siskiyou
097 , Sonoma
099 , Stanislaus
103 , Tehama
107 , Tulare
109 , Tuolumne
113 , Yolo
053 , Hinsdale
061 , Kiowa
063 , Kit Carson
071 , Las Animas
073 , Lincoln
075 , Logan
079 , Mineral
085 , Montrose
087 , Morgan
089 , Otero
095 , Phillips
099 , Prowers
101 , Pueblo
103 , Rio Blanco
105 , Rio Grande
001 , Adams
003 , Alamosa
005 , Arapahoe
007 , Archuleta
009 , Baca
011 , Bent
013 , Boulder
015 , Chaffee
019 , Clear Creek
023 , Costilla
027 , Custer
029 , Delta
031 , Denver
035 , Douglas
037 , Eagle
049 , Grand
051 , Gunnison
055 , Huerfano
057 , Jackson
059 , Jefferson
065 , Lake
067 , La Plata
069 , Larimer
077 , Mesa
081 , Moffat
083 , Montezuma
091 , Ouray
093 , Park
097 , Pitkin
107 , Routt
109 , Saguache
111 , San Juan
113 , San Miguel
117 , Summit
014 , Broomfield
017 , Cheyenne
021 , Conejos
025 , Crowley
033 , Dolores
039 , Elbert
041 , El Paso
043 , Fremont
045 , Garfield
047 , Gilpin
115 , Sedgwick
119 , Teller
121 , Washington
123 , Weld
125 , Yuma
001 , Fairfield
003 , Hartford
005 , Litchfield
007 , Middlesex
009 , New Haven
011 , New London
013 , Tolland
015 , Windham
001 , Kent
003 , New Castle
005 , Sussex
001 , District of Columbia
013 , Calhoun
015 , Charlotte
019 , Clay
021 , Collier
027 , DeSoto
035 , Flagler
067 , Lafayette
081 , Manatee
085 , Martin
087 , Monroe
091 , Okaloosa
099 , Palm Beach
105 , Polk
107 , Putnam
109 , St. Johns
111 , St. Lucie
043 , Glades
049 , Hardee
051 , Hendry
053 , Hernando
059 , Holmes
061 , Indian River
001 , Alachua
003 , Baker
005 , Bay
007 , Bradford
009 , Brevard
011 , Broward
029 , Dixie
031 , Duval
033 , Escambia
037 , Franklin
039 , Gadsden
041 , Gilchrist
045 , Gulf
047 , Hamilton
055 , Highlands
057 , Hillsborough
063 , Jackson
065 , Jefferson
069 , Lake
071 , Lee
073 , Leon
077 , Liberty
079 , Madison
083 , Marion
086 , Miami-Dade
089 , Nassau
093 , Okeechobee
095 , Orange
097 , Osceola
101 , Pasco
103 , Pinellas
113 , Santa Rosa
117 , Seminole
119 , Sumter
121 , Suwannee
123 , Taylor
125 , Union
129 , Wakulla
133 , Washington
115 , Sarasota
131 , Walton
017 , Citrus
075 , Levy
127 , Volusia
023 , Columbia
057 , Cherokee
059 , Clarke
061 , Clay
063 , Clayton
065 , Clinch
001 , Appling
007 , Baker
009 , Baldwin
013 , Barrow
015 , Bartow
019 , Berrien
021 , Bibb
025 , Brantley
027 , Brooks
029 , Bryan
033 , Burke
039 , Camden
049 , Charlton
051 , Chatham
075 , Cook
079 , Crawford
081 , Crisp
089 , DeKalb
103 , Effingham
105 , Elbert
107 , Emanuel
113 , Fayette
121 , Fulton
127 , Glynn
131 , Grady
135 , Gwinnett
137 , Habersham
141 , Hancock
149 , Heard
151 , Henry
163 , Jefferson
171 , Lamar
179 , Liberty
183 , Long
185 , Lowndes
189 , McDuffie
191 , McIntosh
195 , Madison
201 , Miller
213 , Murray
217 , Newton
219 , Oconee
221 , Oglethorpe
223 , Paulding
229 , Pierce
241 , Rabun
245 , Richmond
249 , Schley
251 , Screven
267 , Tattnall
269 , Taylor
271 , Telfair
285 , Troup
289 , Twiggs
291 , Union
301 , Warren
303 , Washington
305 , Wayne
309 , Wheeler
313 , Whitfield
317 , Wilkes
319 , Wilkinson
003 , Atkinson
005 , Bacon
011 , Banks
017 , Ben Hill
023 , Bleckley
031 , Bulloch
035 , Butts
037 , Calhoun
043 , Candler
045 , Carroll
047 , Catoosa
053 , Chattahoochee
055 , Chattooga
077 , Coweta
083 , Dade
085 , Dawson
087 , Decatur
091 , Dodge
093 , Dooly
095 , Dougherty
097 , Douglas
099 , Early
101 , Echols
109 , Evans
111 , Fannin
115 , Floyd
117 , Forsyth
119 , Franklin
067 , Cobb
069 , Coffee
071 , Colquitt
073 , Columbia
139 , Hall
143 , Haralson
145 , Harris
147 , Hart
153 , Houston
155 , Irwin
157 , Jackson
159 , Jasper
161 , Jeff Davis
165 , Jenkins
167 , Johnson
169 , Jones
173 , Lanier
175 , Laurens
177 , Lee
181 , Lincoln
123 , Gilmer
125 , Glascock
129 , Gordon
133 , Greene
187 , Lumpkin
193 , Macon
197 , Marion
199 , Meriwether
205 , Mitchell
225 , Peach
227 , Pickens
231 , Pike
233 , Polk
235 , Pulaski
207 , Monroe
209 , Montgomery
211 , Morgan
215 , Muscogee
255 , Spalding
257 , Stephens
259 , Stewart
261 , Sumter
263 , Talbot
265 , Taliaferro
273 , Terrell
275 , Thomas
277 , Tift
279 , Toombs
281 , Towns
283 , Treutlen
287 , Turner
237 , Putnam
239 , Quitman
243 , Randolph
247 , Rockdale
253 , Seminole
311 , White
315 , Wilcox
321 , Worth
293 , Upson
295 , Walker
297 , Walton
299 , Ware
307 , Webster
001 , Hawaii
003 , Honolulu
005 , Kalawao
007 , Kauai
009 , Maui
075 , Payette
081 , Teton
025 , Camas
087 , Washington
001 , Ada
003 , Adams
005 , Bannock
007 , Bear Lake
009 , Benewah
011 , Bingham
013 , Blaine
015 , Boise
021 , Boundary
023 , Butte
029 , Caribou
035 , Clearwater
037 , Custer
039 , Elmore
041 , Franklin
043 , Fremont
049 , Idaho
059 , Lemhi
061 , Lewis
063 , Lincoln
069 , Nez Perce
073 , Owyhee
077 , Power
079 , Shoshone
083 , Twin Falls
085 , Valley
017 , Bonner
019 , Bonneville
027 , Canyon
031 , Cassia
033 , Clark
045 , Gem
047 , Gooding
051 , Jefferson
053 , Jerome
055 , Kootenai
057 , Latah
065 , Madison
067 , Minidoka
071 , Oneida
051 , Fayette
053 , Ford
055 , Franklin
057 , Fulton
061 , Greene
063 , Grundy
003 , Alexander
005 , Bond
017 , Cass
023 , Clark
027 , Clinton
031 , Cook
043 , DuPage
059 , Gallatin
079 , Jasper
097 , Lake
101 , Lawrence
123 , Marshall
125 , Mason
129 , Menard
147 , Piatt
153 , Pulaski
161 , Rock Island
165 , Saline
181 , Union
185 , Wabash
189 , Washington
197 , Will
001 , Adams
007 , Boone
009 , Brown
011 , Bureau
013 , Calhoun
015 , Carroll
019 , Champaign
021 , Christian
025 , Clay
029 , Coles
033 , Crawford
035 , Cumberland
037 , DeKalb
039 , De Witt
041 , Douglas
045 , Edgar
047 , Edwards
049 , Effingham
103 , Lee
105 , Livingston
107 , Logan
109 , McDonough
111 , McHenry
113 , McLean
115 , Macon
065 , Hamilton
067 , Hancock
069 , Hardin
071 , Henderson
073 , Henry
075 , Iroquois
077 , Jackson
081 , Jefferson
083 , Jersey
085 , Jo Daviess
087 , Johnson
089 , Kane
091 , Kankakee
093 , Kendall
095 , Knox
099 , LaSalle
163 , St. Clair
167 , Sangamon
169 , Schuyler
171 , Scott
173 , Shelby
117 , Macoupin
119 , Madison
121 , Marion
127 , Massac
131 , Mercer
133 , Monroe
135 , Montgomery
137 , Morgan
139 , Moultrie
141 , Ogle
143 , Peoria
145 , Perry
149 , Pike
151 , Pope
155 , Putnam
157 , Randolph
159 , Richland
175 , Stark
177 , Stephenson
179 , Tazewell
183 , Vermilion
187 , Warren
191 , Wayne
193 , White
195 , Whiteside
199 , Williamson
201 , Winnebago
203 , Woodford
025 , Crawford
029 , Dearborn
031 , Decatur
035 , Delaware
037 , Dubois
039 , Elkhart
041 , Fayette
043 , Floyd
045 , Fountain
047 , Franklin
053 , Grant
055 , Greene
057 , Hamilton
059 , Hancock
063 , Hendricks
065 , Henry
069 , Huntington
073 , Jasper
075 , Jay
077 , Jefferson
079 , Jennings
081 , Johnson
085 , Kosciusko
087 , LaGrange
001 , Adams
007 , Benton
017 , Cass
027 , Daviess
033 , DeKalb
049 , Fulton
051 , Gibson
061 , Harrison
067 , Howard
071 , Jackson
083 , Knox
093 , Lawrence
107 , Montgomery
123 , Perry
125 , Pike
131 , Pulaski
145 , Shelby
147 , Spencer
161 , Union
175 , Washington
179 , Wells
181 , White
003 , Allen
005 , Bartholomew
009 , Blackford
011 , Boone
013 , Brown
015 , Carroll
019 , Clark
021 , Clay
023 , Clinton
105 , Monroe
109 , Morgan
111 , Newton
113 , Noble
115 , Ohio
117 , Orange
119 , Owen
121 , Parke
127 , Porter
149 , Starke
151 , Steuben
153 , Sullivan
155 , Switzerland
157 , Tippecanoe
159 , Tipton
163 , Vanderburgh
129 , Posey
133 , Putnam
135 , Randolph
137 , Ripley
139 , Rush
141 , St. Joseph
143 , Scott
089 , Lake
091 , LaPorte
095 , Madison
097 , Marion
099 , Marshall
101 , Martin
103 , Miami
165 , Vermillion
167 , Vigo
169 , Wabash
171 , Warren
173 , Warrick
177 , Wayne
183 , Whitley
185 , Wayne
187 , Webster
189 , Winnebago
191 , Winneshiek
193 , Woodbury
195 , Worth
197 , Wright
003 , Adams
005 , Allamakee
007 , Appanoose
039 , Clarke
041 , Clay
043 , Clayton
047 , Crawford
049 , Dallas
051 , Davis
053 , Decatur
057 , Des Moines
059 , Dickinson
061 , Dubuque
063 , Emmet
065 , Fayette
069 , Franklin
071 , Fremont
073 , Greene
075 , Grundy
011 , Benton
013 , Black Hawk
015 , Boone
017 , Bremer
019 , Buchanan
023 , Butler
025 , Calhoun
027 , Carroll
029 , Cass
031 , Cedar
035 , Cherokee
037 , Chickasaw
001 , Adair
009 , Audubon
021 , Buena Vista
033 , Cerro Gordo
045 , Clinton
055 , Delaware
067 , Floyd
081 , Hancock
099 , Jasper
111 , Lee
117 , Lucas
131 , Mitchell
141 , O'Brien
157 , Poweshiek
163 , Scott
175 , Union
121 , Madison
123 , Mahaska
125 , Marion
127 , Marshall
129 , Mills
133 , Monona
135 , Monroe
137 , Montgomery
139 , Muscatine
143 , Osceola
145 , Page
147 , Palo Alto
149 , Plymouth
151 , Pocahontas
153 , Polk
155 , Pottawattamie
077 , Guthrie
079 , Hamilton
083 , Hardin
085 , Harrison
087 , Henry
089 , Howard
091 , Humboldt
093 , Ida
095 , Iowa
097 , Jackson
101 , Jefferson
103 , Johnson
105 , Jones
107 , Keokuk
109 , Kossuth
113 , Linn
115 , Louisa
119 , Lyon
159 , Ringgold
161 , Sac
165 , Shelby
167 , Sioux
169 , Story
171 , Tama
173 , Taylor
177 , Van Buren
179 , Wapello
181 , Warren
183 , Washington
021 , Cherokee
023 , Cheyenne
025 , Clark
027 , Clay
029 , Cloud
031 , Coffey
035 , Cowley
037 , Crawford
039 , Decatur
041 , Dickinson
043 , Doniphan
045 , Douglas
049 , Elk
051 , Ellis
053 , Ellsworth
057 , Ford
059 , Franklin
061 , Geary
063 , Gove
065 , Graham
069 , Gray
071 , Greeley
073 , Greenwood
075 , Hamilton
077 , Harper
079 , Harvey
083 , Hodgeman
085 , Jackson
001 , Allen
003 , Anderson
017 , Chase
033 , Comanche
047 , Edwards
055 , Finney
067 , Grant
081 , Haskell
093 , Kearny
097 , Kiowa
113 , McPherson
129 , Morton
143 , Ottawa
149 , Pottawatomie
161 , Riley
165 , Rush
171 , Scott
185 , Stafford
187 , Stanton
189 , Stevens
193 , Thomas
203 , Wichita
005 , Atchison
007 , Barber
009 , Barton
011 , Bourbon
013 , Brown
015 , Butler
019 , Chautauqua
087 , Jefferson
089 , Jewell
091 , Johnson
095 , Kingman
099 , Labette
101 , Lane
103 , Leavenworth
105 , Lincoln
157 , Republic
159 , Rice
163 , Rooks
167 , Russell
169 , Saline
173 , Sedgwick
175 , Seward
177 , Shawnee
179 , Sheridan
107 , Linn
109 , Logan
111 , Lyon
115 , Marion
117 , Marshall
119 , Meade
121 , Miami
123 , Mitchell
125 , Montgomery
127 , Morris
131 , Nemaha
133 , Neosho
135 , Ness
137 , Norton
139 , Osage
141 , Osborne
145 , Pawnee
147 , Phillips
151 , Pratt
153 , Rawlins
155 , Reno
181 , Sherman
183 , Smith
191 , Sumner
195 , Trego
197 , Wabaunsee
199 , Wallace
201 , Washington
205 , Wilson
207 , Woodson
209 , Wyandotte
183 , Ohio
185 , Oldham
187 , Owen
189 , Owsley
191 , Pendleton
193 , Perry
195 , Pike
197 , Powell
199 , Pulaski
201 , Robertson
203 , Rockcastle
205 , Rowan
209 , Scott
213 , Simpson
217 , Taylor
229 , Washington
235 , Whitley
237 , Wolfe
239 , Woodford
207 , Russell
211 , Shelby
215 , Spencer
219 , Todd
221 , Trigg
223 , Trimble
225 , Union
227 , Warren
231 , Wayne
233 , Webster
007 , Ballard
009 , Barren
015 , Boone
019 , Boyd
021 , Boyle
023 , Bracken
001 , Adair
003 , Allen
005 , Anderson
013 , Bell
017 , Bourbon
025 , Breathitt
027 , Breckinridge
029 , Bullitt
031 , Butler
033 , Caldwell
043 , Carter
049 , Clark
051 , Clay
055 , Crittenden
059 , Daviess
061 , Edmonson
067 , Fayette
071 , Floyd
079 , Garrard
085 , Grayson
089 , Greenup
093 , Hardin
095 , Harlan
097 , Harrison
101 , Henderson
107 , Hopkins
109 , Jackson
115 , Johnson
119 , Knott
121 , Knox
123 , Larue
125 , Laurel
131 , Leslie
133 , Letcher
135 , Lewis
139 , Livingston
151 , Madison
153 , Magoffin
155 , Marion
165 , Menifee
167 , Mercer
169 , Metcalfe
175 , Morgan
177 , Muhlenberg
179 , Nelson
035 , Calloway
037 , Campbell
039 , Carlisle
041 , Carroll
045 , Casey
047 , Christian
087 , Green
091 , Hancock
099 , Hart
103 , Henry
105 , Hickman
111 , Jefferson
113 , Jessamine
117 , Kenton
053 , Clinton
057 , Cumberland
063 , Elliott
069 , Fleming
073 , Franklin
075 , Fulton
077 , Gallatin
081 , Grant
083 , Graves
129 , Lee
137 , Lincoln
141 , Logan
143 , Lyon
145 , McCracken
147 , McCreary
149 , McLean
159 , Martin
011 , Bath
157 , Marshall
161 , Mason
163 , Meade
171 , Monroe
173 , Montgomery
181 , Nicholas
065 , Estill
127 , Lawrence
047 , Iberville
049 , Jackson
059 , La Salle
061 , Lincoln
069 , Natchitoches
073 , Ouachita
079 , Rapides
083 , Richland
087 , St. Bernard
089 , St. Charles
093 , St. James
095 , St. John the Baptist
101 , St. Mary
115 , Vernon
121 , West Baton Rouge
125 , West Feliciana
021 , Caldwell
075 , Plaquemines
119 , Webster
001 , Acadia
003 , Allen
005 , Ascension
007 , Assumption
009 , Avoyelles
013 , Bienville
015 , Bossier
017 , Caddo
025 , Catahoula
029 , Concordia
031 , De Soto
033 , East Baton Rouge
035 , East Carroll
037 , East Feliciana
039 , Evangeline
041 , Franklin
045 , Iberia
051 , Jefferson
053 , Jefferson Davis
055 , Lafayette
057 , Lafourche
063 , Livingston
065 , Madison
067 , Morehouse
071 , Orleans
077 , Pointe Coupee
081 , Red River
085 , Sabine
091 , St. Helena
097 , St. Landry
099 , St. Martin
103 , St. Tammany
105 , Tangipahoa
107 , Tensas
109 , Terrebonne
111 , Union
113 , Vermilion
117 , Washington
123 , West Carroll
127 , Winn
011 , Beauregard
019 , Calcasieu
023 , Cameron
027 , Claiborne
043 , Grant
001 , Androscoggin
003 , Aroostook
005 , Cumberland
007 , Franklin
009 , Hancock
011 , Kennebec
013 , Knox
015 , Lincoln
017 , Oxford
019 , Penobscot
021 , Piscataquis
023 , Sagadahoc
025 , Somerset
027 , Waldo
029 , Washington
031 , York
001 , Allegany
003 , Anne Arundel
005 , Baltimore
009 , Calvert
011 , Caroline
013 , Carroll
015 , Cecil
017 , Charles
019 , Dorchester
021 , Frederick
023 , Garrett
025 , Harford
027 , Howard
029 , Kent
031 , Montgomery
033 , Prince George's
035 , Queen Anne's
037 , St. Mary's
039 , Somerset
041 , Talbot
043 , Washington
045 , Wicomico
047 , Worcester
510 , Baltimore
001 , Barnstable
003 , Berkshire
005 , Bristol
007 , Dukes
009 , Essex
011 , Franklin
013 , Hampden
015 , Hampshire
017 , Middlesex
019 , Nantucket
021 , Norfolk
023 , Plymouth
025 , Suffolk
027 , Worcester
067 , Ionia
069 , Iosco
071 , Iron
075 , Jackson
077 , Kalamazoo
079 , Kalkaska
001 , Alcona
003 , Alger
007 , Alpena
013 , Baraga
017 , Bay
029 , Charlevoix
033 , Chippewa
039 , Crawford
041 , Delta
047 , Emmet
055 , Grand Traverse
061 , Houghton
063 , Huron
073 , Isabella
083 , Keweenaw
089 , Leelanau
097 , Mackinac
099 , Macomb
103 , Marquette
107 , Mecosta
109 , Menominee
115 , Monroe
129 , Ogemaw
135 , Oscoda
141 , Presque Isle
147 , St. Clair
163 , Wayne
165 , Wexford
005 , Allegan
009 , Antrim
011 , Arenac
015 , Barry
019 , Benzie
021 , Berrien
023 , Branch
025 , Calhoun
027 , Cass
031 , Cheboygan
035 , Clare
037 , Clinton
043 , Dickinson
045 , Eaton
049 , Genesee
051 , Gladwin
057 , Gratiot
059 , Hillsdale
065 , Ingham
139 , Ottawa
143 , Roscommon
145 , Saginaw
149 , St. Joseph
151 , Sanilac
153 , Schoolcraft
081 , Kent
085 , Lake
087 , Lapeer
091 , Lenawee
093 , Livingston
095 , Luce
101 , Manistee
105 , Mason
111 , Midland
113 , Missaukee
117 , Montcalm
119 , Montmorency
121 , Muskegon
123 , Newaygo
125 , Oakland
127 , Oceana
131 , Ontonagon
133 , Osceola
137 , Otsego
155 , Shiawassee
157 , Tuscola
159 , Van Buren
161 , Washtenaw
053 , Gogebic
055 , Houston
057 , Hubbard
059 , Isanti
063 , Jackson
065 , Kanabec
067 , Kandiyohi
071 , Koochiching
001 , Aitkin
013 , Blue Earth
015 , Brown
021 , Cass
023 , Chippewa
027 , Clay
031 , Cook
033 , Cottonwood
051 , Grant
053 , Hennepin
061 , Itasca
069 , Kittson
073 , Lac qui Parle
075 , Lake
077 , Lake of the Woods
083 , Lyon
089 , Marshall
097 , Morrison
103 , Nicollet
107 , Norman
113 , Pennington
119 , Polk
125 , Red Lake
127 , Redwood
129 , Renville
137 , St. Louis
139 , Scott
145 , Stearns
163 , Washington
167 , Wilkin
171 , Wright
173 , Yellow Medicine
003 , Anoka
005 , Becker
007 , Beltrami
009 , Benton
011 , Big Stone
017 , Carlton
019 , Carver
025 , Chisago
029 , Clearwater
035 , Crow Wing
037 , Dakota
039 , Dodge
041 , Douglas
043 , Faribault
045 , Fillmore
047 , Freeborn
049 , Goodhue
147 , Steele
149 , Stevens
151 , Swift
153 , Todd
155 , Traverse
157 , Wabasha
159 , Wadena
165 , Watonwan
079 , Le Sueur
081 , Lincoln
085 , McLeod
087 , Mahnomen
091 , Martin
093 , Meeker
095 , Mille Lacs
099 , Mower
101 , Murray
105 , Nobles
109 , Olmsted
111 , Otter Tail
115 , Pine
117 , Pipestone
121 , Pope
123 , Ramsey
131 , Rice
133 , Rock
135 , Roseau
141 , Sherburne
143 , Sibley
169 , Winona
161 , Waseca
027 , Coahoma
029 , Copiah
031 , Covington
035 , Forrest
037 , Franklin
041 , Greene
043 , Grenada
045 , Hancock
047 , Harrison
057 , Itawamba
059 , Jackson
061 , Jasper
063 , Jefferson
065 , Jefferson Davis
069 , Kemper
071 , Lafayette
073 , Lamar
075 , Lauderdale
077 , Lawrence
001 , Adams
003 , Alcorn
007 , Attala
009 , Benton
011 , Bolivar
017 , Chickasaw
021 , Claiborne
033 , DeSoto
039 , George
049 , Hinds
051 , Holmes
053 , Humphreys
055 , Issaquena
067 , Jones
083 , Leflore
087 , Lowndes
089 , Madison
099 , Neshoba
109 , Pearl River
121 , Rankin
137 , Tate
143 , Tunica
149 , Warren
151 , Washington
157 , Wilkinson
159 , Winston
163 , Yazoo
005 , Amite
013 , Calhoun
015 , Carroll
019 , Choctaw
023 , Clarke
025 , Clay
097 , Montgomery
101 , Newton
103 , Noxubee
105 , Oktibbeha
107 , Panola
111 , Perry
113 , Pike
115 , Pontotoc
117 , Prentiss
119 , Quitman
123 , Scott
145 , Union
147 , Walthall
153 , Wayne
155 , Webster
161 , Yalobusha
129 , Smith
125 , Sharkey
127 , Simpson
131 , Stone
133 , Sunflower
135 , Tallahatchie
139 , Tippah
141 , Tishomingo
079 , Leake
081 , Lee
085 , Lincoln
091 , Marion
093 , Marshall
095 , Monroe
053 , Cooper
055 , Crawford
059 , Dallas
061 , Daviess
063 , DeKalb
065 , Dent
067 , Douglas
071 , Franklin
001 , Adair
013 , Bates
017 , Bollinger
023 , Butler
027 , Callaway
029 , Camden
031 , Cape Girardeau
033 , Carroll
041 , Chariton
057 , Dade
069 , Dunklin
075 , Gentry
087 , Holt
095 , Jackson
099 , Jefferson
103 , Knox
115 , Linn
137 , Monroe
143 , New Madrid
157 , Perry
167 , Polk
171 , Putnam
183 , St. Charles
185 , St. Clair
189 , St. Louis
195 , Saline
199 , Scotland
207 , Stoddard
225 , Webster
003 , Andrew
005 , Atchison
007 , Audrain
009 , Barry
011 , Barton
015 , Benton
019 , Boone
021 , Buchanan
025 , Caldwell
035 , Carter
037 , Cass
039 , Cedar
043 , Christian
045 , Clark
047 , Clay
049 , Clinton
051 , Cole
127 , Marion
129 , Mercer
131 , Miller
133 , Mississippi
135 , Moniteau
139 , Montgomery
073 , Gasconade
077 , Greene
079 , Grundy
081 , Harrison
083 , Henry
085 , Hickory
089 , Howard
091 , Howell
093 , Iron
097 , Jasper
101 , Johnson
105 , Laclede
107 , Lafayette
109 , Lawrence
111 , Lewis
113 , Lincoln
117 , Livingston
119 , McDonald
121 , Macon
123 , Madison
125 , Maries
197 , Schuyler
201 , Scott
203 , Shannon
205 , Shelby
209 , Stone
211 , Sullivan
213 , Taney
215 , Texas
141 , Morgan
145 , Newton
147 , Nodaway
149 , Oregon
151 , Osage
153 , Ozark
155 , Pemiscot
159 , Pettis
161 , Phelps
163 , Pike
165 , Platte
169 , Pulaski
173 , Ralls
175 , Randolph
177 , Ray
179 , Reynolds
181 , Ripley
186 , Ste. Genevieve
187 , St. Francois
510 , St. Louis
217 , Vernon
219 , Warren
221 , Washington
223 , Wayne
227 , Worth
229 , Wright
001 , Beaverhead
003 , Big Horn
005 , Blaine
007 , Broadwater
009 , Carbon
011 , Carter
013 , Cascade
015 , Chouteau
017 , Custer
019 , Daniels
021 , Dawson
023 , Deer Lodge
027 , Fergus
029 , Flathead
031 , Gallatin
033 , Garfield
035 , Glacier
039 , Granite
043 , Jefferson
045 , Judith Basin
047 , Lake
049 , Lewis and Clark
053 , Lincoln
055 , McCone
057 , Madison
059 , Meagher
061 , Mineral
069 , Petroleum
071 , Phillips
073 , Pondera
077 , Powell
081 , Ravalli
083 , Richland
085 , Roosevelt
089 , Sanders
093 , Silver Bow
099 , Teton
105 , Valley
091 , Sheridan
095 , Stillwater
097 , Sweet Grass
101 , Toole
103 , Treasure
107 , Wheatland
109 , Wibaux
111 , Yellowstone
025 , Fallon
037 , Golden Valley
041 , Hill
051 , Liberty
063 , Missoula
065 , Musselshell
067 , Park
075 , Powder River
079 , Prairie
087 , Rosebud
051 , Dixon
053 , Dodge
055 , Douglas
057 , Dundy
059 , Fillmore
063 , Frontier
065 , Furnas
001 , Adams
029 , Chase
033 , Cheyenne
049 , Deuel
061 , Franklin
075 , Grant
091 , Hooker
101 , Keith
113 , Logan
125 , Nance
151 , Saline
163 , Sherman
171 , Thomas
003 , Antelope
005 , Arthur
007 , Banner
009 , Blaine
011 , Boone
013 , Box Butte
015 , Boyd
017 , Brown
019 , Buffalo
021 , Burt
023 , Butler
025 , Cass
027 , Cedar
031 , Cherry
035 , Clay
037 , Colfax
039 , Cuming
041 , Custer
043 , Dakota
045 , Dawes
047 , Dawson
103 , Keya Paha
105 , Kimball
107 , Knox
109 , Lancaster
111 , Lincoln
115 , Loup
117 , McPherson
119 , Madison
121 , Merrick
123 , Morrill
127 , Nemaha
129 , Nuckolls
131 , Otoe
133 , Pawnee
067 , Gage
069 , Garden
071 , Garfield
073 , Gosper
077 , Greeley
079 , Hall
081 , Hamilton
083 , Harlan
085 , Hayes
087 , Hitchcock
089 , Holt
093 , Howard
095 , Jefferson
097 , Johnson
099 , Kearney
165 , Sioux
167 , Stanton
169 , Thayer
173 , Thurston
175 , Valley
177 , Washington
179 , Wayne
181 , Webster
183 , Wheeler
185 , York
135 , Perkins
137 , Phelps
139 , Pierce
141 , Platte
143 , Polk
145 , Red Willow
147 , Richardson
149 , Rock
153 , Sarpy
155 , Saunders
157 , Scotts Bluff
159 , Seward
161 , Sheridan
001 , Churchill
003 , Clark
005 , Douglas
007 , Elko
009 , Esmeralda
011 , Eureka
013 , Humboldt
015 , Lander
017 , Lincoln
019 , Lyon
031 , Washoe
033 , White Pine
021 , Mineral
023 , Nye
027 , Pershing
029 , Storey
510 , Carson City
001 , Belknap
003 , Carroll
005 , Cheshire
007 , Coos
009 , Grafton
011 , Hillsborough
013 , Merrimack
019 , Sullivan
017 , Strafford
015 , Rockingham
001 , Atlantic
003 , Bergen
005 , Burlington
007 , Camden
009 , Cape May
011 , Cumberland
013 , Essex
015 , Gloucester
017 , Hudson
019 , Hunterdon
021 , Mercer
023 , Middlesex
025 , Monmouth
027 , Morris
029 , Ocean
031 , Passaic
033 , Salem
035 , Somerset
037 , Sussex
039 , Union
041 , Warren
013 , Do�a Ana
019 , Guadalupe
023 , Hidalgo
025 , Lea
027 , Lincoln
028 , Los Alamos
031 , McKinley
035 , Otero
037 , Quay
041 , Roosevelt
047 , San Miguel
049 , Santa Fe
053 , Socorro
057 , Torrance
059 , Union
061 , Valencia
001 , Bernalillo
003 , Catron
005 , Chaves
006 , Cibola
007 , Colfax
009 , Curry
011 , De Baca
015 , Eddy
017 , Grant
021 , Harding
029 , Luna
033 , Mora
039 , Rio Arriba
043 , Sandoval
045 , San Juan
051 , Sierra
055 , Taos
001 , Albany
003 , Allegany
005 , Bronx
009 , Cattaraugus
011 , Cayuga
013 , Chautauqua
017 , Chenango
025 , Delaware
031 , Essex
041 , Hamilton
045 , Jefferson
051 , Livingston
053 , Madison
059 , Nassau
063 , Niagara
065 , Oneida
067 , Onondaga
071 , Orange
075 , Oswego
077 , Otsego
081 , Queens
091 , Saratoga
103 , Suffolk
105 , Sullivan
113 , Warren
115 , Washington
119 , Westchester
123 , Yates
069 , Ontario
073 , Orleans
079 , Putnam
083 , Rensselaer
007 , Broome
015 , Chemung
019 , Clinton
021 , Columbia
023 , Cortland
027 , Dutchess
033 , Franklin
035 , Fulton
037 , Genesee
039 , Greene
043 , Herkimer
047 , Kings
049 , Lewis
055 , Monroe
057 , Montgomery
061 , New York
085 , Richmond
087 , Rockland
089 , St. Lawrence
093 , Schenectady
095 , Schoharie
097 , Schuyler
099 , Seneca
101 , Steuben
107 , Tioga
109 , Tompkins
117 , Wayne
121 , Wyoming
029 , Erie
111 , Ulster
041 , Chowan
043 , Clay
045 , Cleveland
059 , Davie
063 , Durham
067 , Forsyth
069 , Franklin
071 , Gaston
001 , Alamance
009 , Ashe
013 , Beaufort
015 , Bertie
017 , Bladen
019 , Brunswick
021 , Buncombe
031 , Carteret
039 , Cherokee
047 , Columbus
049 , Craven
051 , Cumberland
053 , Currituck
055 , Dare
057 , Davidson
061 , Duplin
065 , Edgecombe
075 , Graham
083 , Halifax
085 , Harnett
087 , Haywood
089 , Henderson
093 , Hoke
095 , Hyde
099 , Jackson
101 , Johnston
103 , Jones
111 , McDowell
113 , Macon
115 , Madison
117 , Martin
119 , Mecklenburg
121 , Mitchell
125 , Moore
127 , Nash
129 , New Hanover
131 , Northampton
133 , Onslow
141 , Pender
145 , Person
147 , Pitt
153 , Richmond
155 , Robeson
161 , Rutherford
167 , Stanly
173 , Swain
175 , Transylvania
181 , Vance
193 , Wilkes
199 , Yancey
003 , Alexander
005 , Alleghany
007 , Anson
011 , Avery
023 , Burke
025 , Cabarrus
027 , Caldwell
033 , Caswell
035 , Catawba
037 , Chatham
143 , Perquimans
149 , Polk
151 , Randolph
157 , Rockingham
159 , Rowan
073 , Gates
077 , Granville
079 , Greene
081 , Guilford
091 , Hertford
097 , Iredell
105 , Lee
107 , Lenoir
109 , Lincoln
123 , Montgomery
135 , Orange
137 , Pamlico
139 , Pasquotank
165 , Scotland
169 , Stokes
171 , Surry
177 , Tyrrell
179 , Union
183 , Wake
185 , Warren
187 , Washington
189 , Watauga
191 , Wayne
195 , Wilson
197 , Yadkin
163 , Sampson
029 , Camden
073 , Ransom
075 , Renville
079 , Rolette
081 , Sargent
083 , Sheridan
087 , Slope
089 , Stark
093 , Stutsman
095 , Towner
001 , Adams
003 , Barnes
005 , Benson
007 , Billings
009 , Bottineau
011 , Bowman
017 , Cass
027 , Eddy
035 , Grand Forks
037 , Grant
051 , McIntosh
053 , McKenzie
059 , Morton
067 , Pembina
071 , Ramsey
077 , Richland
085 , Sioux
091 , Steele
097 , Traill
099 , Walsh
105 , Williams
013 , Burke
015 , Burleigh
019 , Cavalier
021 , Dickey
023 , Divide
025 , Dunn
029 , Emmons
031 , Foster
033 , Golden Valley
039 , Griggs
041 , Hettinger
043 , Kidder
045 , LaMoure
047 , Logan
049 , McHenry
057 , Mercer
061 , Mountrail
063 , Nelson
065 , Oliver
069 , Pierce
101 , Ward
103 , Wells
055 , McLean
029 , Columbiana
031 , Coshocton
033 , Crawford
037 , Darke
041 , Delaware
043 , Erie
045 , Fairfield
047 , Fayette
051 , Fulton
053 , Gallia
055 , Geauga
057 , Greene
063 , Hancock
065 , Hardin
003 , Allen
019 , Carroll
035 , Cuyahoga
039 , Defiance
049 , Franklin
059 , Guernsey
061 , Hamilton
079 , Jackson
093 , Lorain
095 , Lucas
101 , Marion
137 , Putnam
159 , Union
175 , Wyandot
001 , Adams
005 , Ashland
007 , Ashtabula
009 , Athens
011 , Auglaize
013 , Belmont
015 , Brown
017 , Butler
021 , Champaign
023 , Clark
025 , Clermont
027 , Clinton
113 , Montgomery
115 , Morgan
117 , Morrow
119 , Muskingum
123 , Ottawa
125 , Paulding
127 , Perry
129 , Pickaway
131 , Pike
067 , Harrison
069 , Henry
071 , Highland
073 , Hocking
075 , Holmes
077 , Huron
081 , Jefferson
083 , Knox
085 , Lake
087 , Lawrence
089 , Licking
091 , Logan
097 , Madison
099 , Mahoning
103 , Medina
105 , Meigs
107 , Mercer
109 , Miami
111 , Monroe
121 , Noble
133 , Portage
135 , Preble
139 , Richland
141 , Ross
143 , Sandusky
145 , Scioto
147 , Seneca
149 , Shelby
151 , Stark
153 , Summit
155 , Trumbull
157 , Tuscarawas
161 , Van Wert
163 , Vinton
165 , Warren
167 , Washington
169 , Wayne
171 , Williams
173 , Wood
051 , Grady
053 , Grant
055 , Greer
059 , Harper
061 , Haskell
001 , Adair
003 , Alfalfa
009 , Beckham
013 , Bryan
023 , Choctaw
027 , Cleveland
039 , Custer
057 , Harmon
065 , Jackson
075 , Kiowa
087 , McClain
089 , McCurtain
095 , Marshall
097 , Mayes
101 , Muskogee
113 , Osage
117 , Pawnee
125 , Pottawatomie
133 , Seminole
135 , Sequoyah
137 , Stephens
141 , Tillman
005 , Atoka
007 , Beaver
011 , Blaine
015 , Caddo
017 , Canadian
019 , Carter
021 , Cherokee
025 , Cimarron
029 , Coal
031 , Comanche
033 , Cotton
035 , Craig
037 , Creek
041 , Delaware
043 , Dewey
045 , Ellis
047 , Garfield
049 , Garvin
093 , Major
099 , Murray
103 , Noble
105 , Nowata
107 , Okfuskee
109 , Oklahoma
111 , Okmulgee
115 , Ottawa
119 , Payne
121 , Pittsburg
123 , Pontotoc
127 , Pushmataha
063 , Hughes
067 , Jefferson
069 , Johnston
071 , Kay
073 , Kingfisher
077 , Latimer
079 , Le Flore
081 , Lincoln
083 , Logan
085 , Love
091 , McIntosh
129 , Roger Mills
131 , Rogers
139 , Texas
143 , Tulsa
145 , Wagoner
147 , Washington
149 , Washita
151 , Woods
153 , Woodward
059 , Umatilla
063 , Wallowa
067 , Washington
069 , Wheeler
071 , Yamhill
001 , Baker
003 , Benton
005 , Clackamas
007 , Clatsop
009 , Columbia
011 , Coos
013 , Crook
015 , Curry
017 , Deschutes
019 , Douglas
021 , Gilliam
023 , Grant
025 , Harney
033 , Josephine
035 , Klamath
039 , Lane
041 , Lincoln
043 , Linn
047 , Marion
051 , Multnomah
055 , Sherman
061 , Union
065 , Wasco
027 , Hood River
029 , Jackson
031 , Jefferson
037 , Lake
045 , Malheur
049 , Morrow
053 , Polk
057 , Tillamook
009 , Bedford
011 , Berks
013 , Blair
019 , Butler
021 , Cambria
025 , Carbon
035 , Clinton
037 , Columbia
039 , Crawford
047 , Elk
053 , Forest
057 , Fulton
063 , Indiana
065 , Jefferson
067 , Juniata
069 , Lackawanna
073 , Lawrence
075 , Lebanon
077 , Lehigh
079 , Luzerne
001 , Adams
003 , Allegheny
005 , Armstrong
007 , Beaver
015 , Bradford
017 , Bucks
027 , Centre
029 , Chester
031 , Clarion
033 , Clearfield
041 , Cumberland
043 , Dauphin
045 , Delaware
049 , Erie
051 , Fayette
055 , Franklin
059 , Greene
061 , Huntingdon
071 , Lancaster
083 , McKean
089 , Monroe
091 , Montgomery
095 , Northampton
097 , Northumberland
099 , Perry
101 , Philadelphia
103 , Pike
111 , Somerset
123 , Warren
125 , Washington
127 , Wayne
129 , Westmoreland
133 , York
081 , Lycoming
085 , Mercer
087 , Mifflin
093 , Montour
105 , Potter
107 , Schuylkill
109 , Snyder
023 , Cameron
113 , Sullivan
115 , Susquehanna
117 , Tioga
119 , Union
121 , Venango
131 , Wyoming
001 , Bristol
003 , Kent
005 , Newport
007 , Providence
009 , Washington
021 , Cherokee
033 , Dillon
037 , Edgefield
039 , Fairfield
047 , Greenwood
055 , Kershaw
059 , Laurens
065 , McCormick
069 , Marlboro
075 , Orangeburg
079 , Richland
081 , Saluda
091 , York
023 , Chester
001 , Abbeville
003 , Aiken
005 , Allendale
007 , Anderson
009 , Bamberg
011 , Barnwell
013 , Beaufort
015 , Berkeley
017 , Calhoun
019 , Charleston
025 , Chesterfield
027 , Clarendon
029 , Colleton
031 , Darlington
035 , Dorchester
041 , Florence
043 , Georgetown
045 , Greenville
049 , Hampton
051 , Horry
053 , Jasper
057 , Lancaster
061 , Lee
063 , Lexington
067 , Marion
071 , Newberry
073 , Oconee
077 , Pickens
083 , Spartanburg
085 , Sumter
087 , Union
089 , Williamsburg
013 , Brown
015 , Brule
019 , Butte
021 , Campbell
025 , Clark
027 , Clay
029 , Codington
031 , Corson
033 , Custer
037 , Day
039 , Deuel
043 , Douglas
045 , Edmunds
047 , Fall River
049 , Faulk
051 , Grant
053 , Gregory
059 , Hand
061 , Hanson
063 , Harding
065 , Hughes
067 , Hutchinson
071 , Jackson
073 , Jerauld
077 , Kingsbury
079 , Lake
081 , Lawrence
083 , Lincoln
003 , Aurora
005 , Beadle
007 , Bennett
009 , Bon Homme
011 , Brookings
017 , Buffalo
023 , Charles Mix
035 , Davison
041 , Dewey
055 , Haakon
069 , Hyde
075 , Jones
085 , Lyman
093 , Meade
095 , Mellette
103 , Pennington
111 , Sanborn
117 , Stanley
123 , Tripp
125 , Turner
137 , Ziebach
109 , Roberts
113 , Shannon
115 , Spink
119 , Sully
121 , Todd
127 , Union
129 , Walworth
135 , Yankton
057 , Hamlin
087 , McCook
089 , McPherson
091 , Marshall
097 , Miner
099 , Minnehaha
101 , Moody
105 , Perkins
107 , Potter
067 , Hancock
071 , Hardin
075 , Haywood
077 , Henderson
083 , Houston
001 , Anderson
003 , Bedford
005 , Benton
009 , Blount
013 , Campbell
019 , Carter
021 , Cheatham
025 , Claiborne
029 , Cocke
031 , Coffee
033 , Crockett
035 , Cumberland
037 , Davidson
041 , DeKalb
049 , Fentress
053 , Gibson
055 , Giles
057 , Grainger
059 , Greene
063 , Hamblen
065 , Hamilton
069 , Hardeman
073 , Hawkins
079 , Henry
081 , Hickman
085 , Humphreys
089 , Jefferson
091 , Johnson
093 , Knox
097 , Lauderdale
105 , Loudon
107 , McMinn
117 , Marshall
119 , Maury
121 , Meigs
123 , Monroe
127 , Moore
129 , Morgan
135 , Perry
141 , Putnam
143 , Rhea
145 , Roane
149 , Rutherford
151 , Scott
155 , Sevier
159 , Smith
163 , Sullivan
165 , Sumner
167 , Tipton
183 , Weakley
185 , White
187 , Williamson
189 , Wilson
007 , Bledsoe
011 , Bradley
015 , Cannon
017 , Carroll
023 , Chester
027 , Clay
039 , Decatur
043 , Dickson
045 , Dyer
047 , Fayette
051 , Franklin
061 , Grundy
147 , Robertson
153 , Sequatchie
157 , Shelby
161 , Stewart
087 , Jackson
095 , Lake
099 , Lawrence
101 , Lewis
103 , Lincoln
109 , McNairy
111 , Macon
113 , Madison
115 , Marion
125 , Montgomery
131 , Obion
133 , Overton
137 , Pickett
139 , Polk
169 , Trousdale
171 , Unicoi
173 , Union
175 , Van Buren
177 , Warren
179 , Washington
181 , Wayne
185 , Grimes
189 , Hale
191 , Hall
199 , Hardin
201 , Harris
203 , Harrison
211 , Hemphill
213 , Henderson
223 , Hopkins
225 , Houston
233 , Hutchinson
241 , Jasper
243 , Jeff Davis
261 , Kenedy
263 , Kent
269 , King
273 , Kleberg
277 , Lamar
287 , Lee
289 , Leon
295 , Lipscomb
301 , Loving
311 , McMullen
313 , Madison
321 , Matagorda
327 , Menard
333 , Mills
339 , Montgomery
341 , Moore
343 , Morris
347 , Nacogdoches
349 , Navarro
355 , Nueces
217 , Hill
219 , Hockley
221 , Hood
227 , Howard
229 , Hudspeth
231 , Hunt
235 , Irion
237 , Jack
367 , Parker
371 , Pecos
373 , Polk
379 , Rains
383 , Reagan
387 , Red River
391 , Refugio
405 , San Augustine
407 , San Jacinto
409 , San Patricio
411 , San Saba
419 , Shelby
423 , Smith
425 , Somervell
435 , Sutton
443 , Terrell
447 , Throckmorton
453 , Travis
455 , Trinity
457 , Tyler
467 , Van Zandt
469 , Victoria
473 , Waller
475 , Ward
481 , Wharton
491 , Williamson
495 , Winkler
499 , Wood
507 , Zavala
183 , Gregg
193 , Hamilton
195 , Hansford
197 , Hardeman
205 , Hartley
207 , Haskell
209 , Hays
215 , Hidalgo
001 , Anderson
003 , Andrews
005 , Angelina
007 , Aransas
011 , Armstrong
015 , Austin
023 , Baylor
025 , Bee
029 , Bexar
035 , Bosque
037 , Bowie
039 , Brazoria
041 , Brazos
051 , Burleson
055 , Caldwell
057 , Calhoun
063 , Camp
067 , Cass
071 , Chambers
073 , Cherokee
079 , Cochran
083 , Coleman
091 , Comal
101 , Cottle
103 , Crane
105 , Crockett
113 , Dallas
119 , Delta
125 , Dickens
127 , Dimmit
135 , Ector
153 , Floyd
155 , Foard
157 , Fort Bend
161 , Freestone
167 , Galveston
173 , Glasscock
175 , Goliad
305 , Lynn
307 , McCulloch
309 , McLennan
315 , Marion
317 , Martin
319 , Mason
323 , Maverick
239 , Jackson
245 , Jefferson
247 , Jim Hogg
249 , Jim Wells
251 , Johnson
253 , Jones
255 , Karnes
257 , Kaufman
259 , Kendall
265 , Kerr
267 , Kimble
271 , Kinney
275 , Knox
279 , Lamb
281 , Lampasas
283 , La Salle
285 , Lavaca
291 , Liberty
293 , Limestone
297 , Live Oak
299 , Llano
303 , Lubbock
403 , Sabine
413 , Schleicher
415 , Scurry
417 , Shackelford
421 , Sherman
427 , Starr
429 , Stephens
431 , Sterling
433 , Stonewall
437 , Swisher
325 , Medina
329 , Midland
331 , Milam
335 , Mitchell
337 , Montague
345 , Motley
351 , Newton
353 , Nolan
357 , Ochiltree
359 , Oldham
361 , Orange
363 , Palo Pinto
365 , Panola
369 , Parmer
375 , Potter
377 , Presidio
381 , Randall
385 , Real
393 , Roberts
397 , Rockwall
399 , Runnels
401 , Rusk
439 , Tarrant
441 , Taylor
445 , Terry
449 , Titus
451 , Tom Green
459 , Upshur
461 , Upton
463 , Uvalde
465 , Val Verde
471 , Walker
497 , Wise
501 , Yoakum
503 , Young
505 , Zapata
009 , Archer
013 , Atascosa
017 , Bailey
019 , Bandera
479 , Webb
483 , Wheeler
485 , Wichita
487 , Wilbarger
489 , Willacy
493 , Wilson
097 , Cooke
099 , Coryell
107 , Crosby
109 , Culberson
111 , Dallam
115 , Dawson
117 , Deaf Smith
121 , Denton
123 , DeWitt
021 , Bastrop
027 , Bell
031 , Blanco
033 , Borden
043 , Brewster
045 , Briscoe
047 , Brooks
049 , Brown
053 , Burnet
059 , Callahan
065 , Carson
069 , Castro
075 , Childress
077 , Clay
081 , Coke
085 , Collin
087 , Collingsworth
089 , Colorado
093 , Comanche
095 , Concho
129 , Donley
131 , Duval
133 , Eastland
137 , Edwards
141 , El Paso
143 , Erath
145 , Falls
147 , Fannin
149 , Fayette
151 , Fisher
159 , Franklin
163 , Frio
165 , Gaines
169 , Garza
171 , Gillespie
177 , Gonzales
179 , Gray
181 , Grayson
395 , Robertson
477 , Washington
139 , Ellis
061 , Cameron
389 , Reeves
187 , Guadalupe
027 , Millard
033 , Rich
037 , San Juan
039 , Sanpete
041 , Sevier
053 , Washington
055 , Wayne
045 , Tooele
001 , Beaver
003 , Box Elder
005 , Cache
007 , Carbon
009 , Daggett
011 , Davis
013 , Duchesne
015 , Emery
017 , Garfield
019 , Grand
021 , Iron
023 , Juab
025 , Kane
029 , Morgan
031 , Piute
035 , Salt Lake
043 , Summit
047 , Uintah
049 , Utah
051 , Wasatch
057 , Weber
015 , Lamoille
017 , Orange
019 , Orleans
021 , Rutland
023 , Washington
025 , Windham
027 , Windsor
001 , Addison
003 , Bennington
005 , Caledonia
007 , Chittenden
009 , Essex
011 , Franklin
013 , Grand Isle
021 , Bland
025 , Brunswick
035 , Carroll
043 , Clarke
045 , Craig
049 , Cumberland
065 , Fluvanna
071 , Giles
075 , Goochland
077 , Grayson
079 , Greene
089 , Henry
099 , King George
001 , Accomack
003 , Albemarle
005 , Alleghany
007 , Amelia
009 , Amherst
015 , Augusta
017 , Bath
019 , Bedford
023 , Botetourt
027 , Buchanan
029 , Buckingham
031 , Campbell
033 , Caroline
036 , Charles City
037 , Charlotte
041 , Chesterfield
047 , Culpeper
051 , Dickenson
053 , Dinwiddie
057 , Essex
059 , Fairfax
061 , Fauquier
063 , Floyd
067 , Franklin
069 , Frederick
073 , Gloucester
081 , Greensville
083 , Halifax
085 , Hanover
087 , Henrico
091 , Highland
093 , Isle of Wight
095 , James City
097 , King and Queen
101 , King William
107 , Loudoun
111 , Lunenburg
113 , Madison
117 , Mecklenburg
121 , Montgomery
125 , Nelson
127 , New Kent
137 , Orange
139 , Page
141 , Patrick
143 , Pittsylvania
147 , Prince Edward
161 , Roanoke
163 , Rockbridge
165 , Rockingham
167 , Russell
171 , Shenandoah
175 , Southampton
177 , Spotsylvania
179 , Stafford
185 , Tazewell
191 , Washington
193 , Westmoreland
195 , Wise
570 , Colonial Heights
610 , Falls Church
678 , Lexington
720 , Norton
790 , Staunton
840 , Winchester
105 , Lee
013 , Arlington
103 , Lancaster
109 , Louisa
115 , Mathews
119 , Middlesex
131 , Northampton
133 , Northumberland
135 , Nottoway
145 , Powhatan
149 , Prince George
155 , Pulaski
157 , Rappahannock
159 , Richmond
169 , Scott
173 , Smyth
181 , Surry
183 , Sussex
187 , Warren
197 , Wythe
199 , York
510 , Alexandria
515 , Bedford
520 , Bristol
530 , Buena Vista
540 , Charlottesville
550 , Chesapeake
580 , Covington
590 , Danville
595 , Emporia
600 , Fairfax
620 , Franklin
630 , Fredericksburg
640 , Galax
650 , Hampton
660 , Harrisonburg
670 , Hopewell
680 , Lynchburg
683 , Manassas
685 , Manassas Park
690 , Martinsville
700 , Newport News
710 , Norfolk
730 , Petersburg
735 , Poquoson
740 , Portsmouth
750 , Radford
760 , Richmond
770 , Roanoke
775 , Salem
800 , Suffolk
810 , Virginia Beach
820 , Waynesboro
830 , Williamsburg
153 , Prince William
011 , Appomattox
001 , Adams
003 , Asotin
005 , Benton
007 , Chelan
009 , Clallam
011 , Clark
013 , Columbia
015 , Cowlitz
017 , Douglas
019 , Ferry
021 , Franklin
025 , Grant
027 , Grays Harbor
029 , Island
031 , Jefferson
033 , King
035 , Kitsap
041 , Lewis
043 , Lincoln
047 , Okanogan
049 , Pacific
053 , Pierce
055 , San Juan
057 , Skagit
061 , Snohomish
065 , Stevens
067 , Thurston
071 , Walla Walla
073 , Whatcom
075 , Whitman
077 , Yakima
023 , Garfield
039 , Klickitat
045 , Mason
051 , Pend Oreille
059 , Skamania
063 , Spokane
069 , Wahkiakum
037 , Kittitas
077 , Preston
079 , Putnam
089 , Summers
091 , Taylor
097 , Upshur
001 , Barbour
003 , Berkeley
005 , Boone
007 , Braxton
009 , Brooke
011 , Cabell
013 , Calhoun
015 , Clay
019 , Fayette
021 , Gilmer
025 , Greenbrier
031 , Hardy
033 , Harrison
039 , Kanawha
041 , Lewis
043 , Lincoln
045 , Logan
057 , Mineral
059 , Mingo
067 , Nicholas
071 , Pendleton
075 , Pocahontas
081 , Raleigh
083 , Randolph
085 , Ritchie
087 , Roane
093 , Tucker
095 , Tyler
099 , Wayne
103 , Wetzel
109 , Wyoming
017 , Doddridge
023 , Grant
027 , Hampshire
029 , Hancock
035 , Jackson
037 , Jefferson
047 , McDowell
049 , Marion
051 , Marshall
053 , Mason
055 , Mercer
061 , Monongalia
063 , Monroe
065 , Morgan
069 , Ohio
073 , Pleasants
101 , Webster
105 , Wirt
107 , Wood
053 , Jackson
055 , Jefferson
059 , Kenosha
061 , Kewaunee
063 , La Crosse
067 , Langlade
001 , Adams
003 , Ashland
005 , Barron
007 , Bayfield
009 , Brown
011 , Buffalo
015 , Calumet
029 , Door
033 , Dunn
043 , Grant
057 , Juneau
065 , Lafayette
075 , Marinette
083 , Oconto
097 , Portage
107 , Rusk
111 , Sauk
121 , Trempealeau
137 , Waushara
013 , Burnett
017 , Chippewa
019 , Clark
021 , Columbia
023 , Crawford
025 , Dane
027 , Dodge
031 , Douglas
035 , Eau Claire
037 , Florence
039 , Fond du Lac
041 , Forest
045 , Green
047 , Green Lake
049 , Iowa
051 , Iron
109 , St. Croix
113 , Sawyer
115 , Shawano
117 , Sheboygan
119 , Taylor
123 , Vernon
069 , Lincoln
071 , Manitowoc
073 , Marathon
077 , Marquette
078 , Menominee
079 , Milwaukee
081 , Monroe
085 , Oneida
087 , Outagamie
089 , Ozaukee
091 , Pepin
093 , Pierce
095 , Polk
099 , Price
101 , Racine
103 , Richland
105 , Rock
125 , Vilas
127 , Walworth
129 , Washburn
131 , Washington
133 , Waukesha
135 , Waupaca
139 , Winnebago
141 , Wood
009 , Converse
001 , Albany
003 , Big Horn
005 , Campbell
007 , Carbon
011 , Crook
013 , Fremont
015 , Goshen
017 , Hot Springs
021 , Laramie
029 , Park
033 , Sheridan
035 , Sublette
039 , Teton
041 , Uinta
019 , Johnson
023 , Lincoln
025 , Natrona
027 , Niobrara
031 , Platte
037 , Sweetwater
043 , Washakie
045 , Weston
001 , Adjuntas
013 , Arecibo
023 , Cabo Rojo
033 , Cata�o
037 , Ceiba
049 , Culebra
053 , Fajardo
054 , Florida
067 , Hormigueros
095 , Maunabo
097 , Mayag�ez
113 , Ponce
127 , San Juan
135 , Toa Alta
141 , Utuado
041 , Cidra
043 , Coamo
045 , Comer�o
047 , Corozal
051 , Dorado
055 , Gu�nica
003 , Aguada
005 , Aguadilla
007 , Aguas Buenas
009 , Aibonito
011 , A�asco
015 , Arroyo
017 , Barceloneta
019 , Barranquitas
021 , Bayam�n
025 , Caguas
027 , Camuy
029 , Can�vanas
031 , Carolina
035 , Cayey
039 , Ciales
089 , Luquillo
091 , Manat�
093 , Maricao
099 , Moca
101 , Morovis
103 , Naguabo
057 , Guayama
059 , Guayanilla
061 , Guaynabo
063 , Gurabo
065 , Hatillo
069 , Humacao
071 , Isabela
073 , Jayuya
075 , Juana D�az
077 , Juncos
079 , Lajas
081 , Lares
083 , Las Mar�as
085 , Las Piedras
087 , Lo�za
143 , Vega Alta
145 , Vega Baja
147 , Vieques
149 , Villalba
151 , Yabucoa
105 , Naranjito
107 , Orocovis
109 , Patillas
111 , Pe�uelas
115 , Quebradillas
117 , Rinc�n
119 , R�o Grande
121 , Sabana Grande
123 , Salinas
125 , San Germ�n
129 , San Lorenzo
131 , San Sebasti�n
133 , Santa Isabel
137 , Toa Baja
139 , Trujillo Alto
153 , Yauco
